#	Tresp			sigma(Tresp)		Tqueue			sigma(Tqueue)
	0.024813709516635002	0.0005719166551057231	0.014826492539371334	0.0005554568772409807
