#	Tresp			sigma(Tresp)		Tqueue			sigma(Tqueue)
	0.048522819455707994	0.0022271152069378965	0.03850126696363033	0.0021881943971557155
