#	Tresp			sigma(Tresp)		Tqueue			sigma(Tqueue)
	0.033239530040971334	0.0008203236739303503	0.023251228819442332	0.0008033106341884599
