#	Tresp			sigma(Tresp)		Tqueue			sigma(Tqueue)
	0.06731000724869567	0.0053177889419716165	0.057318527794714	0.00531046971077656
