#	Tresp			sigma(Tresp)		Tqueue			sigma(Tqueue)
	0.16749960004361666	0.038012235208977375	0.15751043485227	0.03798365047852918
