#	Tresp			sigma(Tresp)		Tqueue			sigma(Tqueue)
	0.11606968136872532	0.01644113387894572	0.10603731628822366	0.016376308503812623
